# article1,article_2,article3,article4
inf,8.484209775924682617e-01,1.401533842086791992e+00,1.229629993438720703e+00
8.484209775924682617e-01,inf,1.674433231353759766e+00,1.374552607536315918e+00
1.401533842086791992e+00,1.674433231353759766e+00,inf,9.947764873504638672e-01
1.229629993438720703e+00,1.374552607536315918e+00,9.947764873504638672e-01,inf
